,TC（总胆固醇）,TG（甘油三酯）,血尿酸,ADL总分,活动量表总分（ADL总分+IADL总分）,ADL吃饭,HDL-C（高密度脂蛋白）,ADL用厕,LDL-C（低密度脂蛋白）,ADL洗澡
总体人群,0.4049987248150982,0.4163860830527497,0.6047265987025023,1.0,1.0,1.0,0.3053392658509455,1.0,0.28190476190476194,1.0
男性,1.0,1.0,1.0,1.0,1.0,1.0,1.0,1.0,1.0,0.0
女性,0.9770466717674062,0.9699775533108866,0.8331788693234476,1.0,1.0,1.0,1.0,1.0,1.0,0.0
