constitution,contribution
阴虚质,0.11664245360945244
阳虚质,0.11602608422380363
气郁质,0.11333267003265132
血瘀质,0.11224409994621806
平和质,0.11175580807371964
气虚质,0.11175461567580672
湿热质,0.10881193380244626
特禀质,0.10550438349478106
痰湿质,0.10392795114112077
